fold,week_from,week_to,model_wape,baseline_wape
55,2025-01-27,2025-03-17,0.0867389962982462,0.09564368129372218
59,2025-02-24,2025-04-14,0.08050368624260774,0.09618320610687023
63,2025-03-24,2025-05-12,0.08032822445997817,0.10040053995441368
67,2025-04-21,2025-06-09,0.07819890196336891,0.09626802374893978
71,2025-05-19,2025-07-07,0.0872762716640308,0.10039611758437768
75,2025-06-16,2025-08-04,0.10027860822380591,0.10965395353602624
79,2025-07-14,2025-09-01,0.09506518455273884,0.11689866369710468
83,2025-08-11,2025-09-29,0.09348784504296036,0.12131166603680339
87,2025-09-08,2025-10-27,0.08802791563792432,0.11370342205323195
91,2025-10-06,2025-11-24,0.07937563726599584,0.11030255450208346
