sku_id,model_wape,baseline_wape
SKU001,0.08254905651507526,0.09558912386706948
SKU002,0.10303219029253761,0.16105809475975222
SKU003,0.11971719616677484,0.1727810650887574
SKU004,0.14620794082272953,0.19036519036519037
SKU005,0.07863400677937801,0.09845600676818951
SKU006,0.1184058548981385,0.18012752391073325
SKU007,0.05887209542999185,0.08191808191808192
SKU008,0.08903993556998896,0.11191064332509934
SKU009,0.10477540268173555,0.1362597911227154
SKU010,0.08016448146415688,0.10127633080834285
SKU011,0.2183092892366262,0.30929919137466305
SKU012,0.05859191458083994,0.07642964378326737
SKU013,0.08789133171223949,0.13115370161593387
SKU014,0.07564572167019151,0.07962356792144026
SKU015,0.15170016315092763,0.21272808188696038
SKU016,0.10123427670825032,0.11866733216870477
SKU017,0.08952759439692096,0.12334967936627687
SKU018,0.05794841105223062,0.053611422172452405
SKU019,0.07892825023339259,0.10967813051146384
SKU020,0.08323222506961415,0.1315120711562897
SKU021,0.11039868107229367,0.1571749336599306
SKU022,0.10123013515051721,0.13982456140350877
SKU023,0.08635597372207277,0.10022324051227822
SKU024,0.11000808267186968,0.11032361594009094
SKU025,0.2115779820566367,0.24119601328903653
SKU026,0.08249210548890161,0.08219923788786064
SKU027,0.07060869545643575,0.08301256445638754
SKU028,0.11901823869739771,0.18210659898477158
SKU029,0.08616516750155884,0.0948488241881299
SKU030,0.13471977491807532,0.1690346083788707
SKU031,0.07989703985402306,0.08741684624754052
SKU032,0.13249957463138817,0.16433761878144215
SKU033,0.07768636431812793,0.08258821267185848
SKU034,0.08817429047635006,0.10595507574438447
SKU035,0.08104934916897863,0.07612172914445083
SKU036,0.1663827844118701,0.2560207484253427
SKU037,0.07976574349464627,0.07776621574748525
SKU038,0.11336339049798044,0.137631050635735
SKU039,0.162948276970638,0.23232876712328768
SKU040,0.08535605224883613,0.09642494643058531
SKU041,0.10819310779254988,0.1192805301356895
SKU042,0.06431715228935356,0.09068850470124355
SKU043,0.05829721102947584,0.07840687231550175
SKU044,0.10501741484554171,0.11419249592169657
SKU045,0.0766477971284328,0.08407263654006099
SKU046,0.11181705902016201,0.1343679031037093
SKU047,0.07679639807126024,0.09017941454202077
SKU048,0.13312963797438465,0.12798992866135123
SKU049,0.06417327151372702,0.0643051012596562
SKU050,0.13337988098584488,0.17728149986214503
