sku_id,h,week_start,forecast,lower_80,upper_80,forecast_no_promo,baseline,actual,planned_promo_days,sku_backtest_wape,product_name,category
SKU001,1,2025-12-01,85.15586851791062,73.72199047076259,98.94008379369907,85.15586851791062,83.0,88.0,0.0,0.08254905651507526,Product 001,Furniture
SKU002,1,2025-12-01,61.20899913178922,52.99046711935758,71.11692486295212,61.20899913178922,66.0,51.0,0.0,0.10303219029253761,Product 002,Home Decor
SKU003,1,2025-12-01,34.51556694638949,29.881161942227198,40.10261588893951,34.51556694638949,38.0,38.0,0.0,0.11971719616677484,Product 003,Kitchen
SKU004,1,2025-12-01,27.773889638179153,24.044689613038237,32.26966051670797,27.773889638179153,30.0,28.0,0.0,0.14620794082272953,Product 004,Lighting
SKU005,1,2025-12-01,100.84835902060354,87.30745035082636,117.17272415414241,100.84835902060354,95.0,96.0,0.0,0.07863400677937801,Product 005,Storage
SKU006,1,2025-12-01,40.65415752153227,35.19552399103192,47.234862631888234,40.65415752153227,44.0,37.0,0.0,0.1184058548981385,Product 006,Furniture
SKU007,1,2025-12-01,147.57887491502012,127.76346010589575,171.46752777468103,147.57887491502012,148.0,145.0,0.0,0.05887209542999185,Product 007,Home Decor
SKU008,1,2025-12-01,101.15894405957738,87.57633313814446,117.53358372044087,101.15894405957738,109.0,97.0,0.0,0.08903993556998896,Product 008,Kitchen
SKU009,1,2025-12-01,63.302262325461335,54.80266787430891,73.54902542617548,63.302262325461335,55.0,77.0,0.0,0.10477540268173555,Product 009,Lighting
SKU010,1,2025-12-01,104.24479635909364,90.24784806457929,121.1189441941574,104.24479635909364,99.0,126.0,0.0,0.08016448146415688,Product 010,Storage
SKU011,1,2025-12-01,16.1436209728985,13.976017064253265,18.75679550442668,16.1436209728985,25.0,17.0,0.0,0.2183092892366262,Product 011,Furniture
SKU012,1,2025-12-01,158.93748159482143,137.5969467226558,184.66475676475164,158.93748159482143,147.0,167.0,0.0,0.05859191458083994,Product 012,Home Decor
SKU013,1,2025-12-01,85.07471969625749,73.65173750099378,98.8457993790855,85.07471969625749,95.0,78.0,0.0,0.08789133171223949,Product 013,Kitchen
SKU014,1,2025-12-01,130.72927464763242,113.17625558355272,151.89047581853737,130.72927464763242,128.0,124.0,0.0,0.07564572167019151,Product 014,Lighting
SKU015,1,2025-12-01,24.787665208790408,21.459425523098837,28.800054717216057,24.787665208790408,29.0,22.0,0.0,0.15170016315092763,Product 015,Storage
SKU016,1,2025-12-01,85.63546558935799,74.13719204578513,99.4973134393134,85.63546558935799,83.0,77.0,0.0,0.10123427670825032,Product 016,Furniture
SKU017,1,2025-12-01,85.4552374592953,73.98116314585968,99.2879117081029,85.4552374592953,81.0,105.0,0.0,0.08952759439692096,Product 017,Home Decor
SKU018,1,2025-12-01,157.80458743039674,136.61616625211744,183.34848055844418,157.80458743039674,182.0,158.0,0.0,0.05794841105223062,Product 018,Kitchen
SKU019,1,2025-12-01,99.39155237796743,86.04624912893318,115.48010362425705,99.39155237796743,120.0,103.0,0.0,0.07892825023339259,Product 019,Lighting
SKU020,1,2025-12-01,81.89047255493351,70.89503920767692,95.14611685026276,81.89047255493351,88.0,85.0,0.0,0.08323222506961415,Product 020,Storage
SKU021,1,2025-12-01,52.177465741038326,45.17159767257048,60.623453467277955,52.177465741038326,55.0,52.0,0.0,0.11039868107229367,Product 021,Furniture
SKU022,1,2025-12-01,62.67747126922709,54.261767510122844,72.82309918605536,62.67747126922709,62.0,70.0,0.0,0.10123013515051721,Product 022,Home Decor
SKU023,1,2025-12-01,91.11492468020839,78.88092419145214,105.8637348149448,91.11492468020839,104.0,97.0,0.0,0.08635597372207277,Product 023,Kitchen
SKU024,1,2025-12-01,78.74633066920386,68.17306123748294,91.49303143116516,78.74633066920386,76.0,93.0,0.0,0.11000808267186968,Product 024,Lighting
SKU025,1,2025-12-01,16.711065057896718,14.467270434749164,19.41609199561512,16.711065057896718,22.0,18.0,0.0,0.2115779820566367,Product 025,Storage
SKU026,1,2025-12-01,138.91057614943588,120.25905377294036,161.39608794155504,138.91057614943588,162.0,157.0,0.0,0.08249210548890161,Product 026,Furniture
SKU027,1,2025-12-01,152.12261647959852,131.69711351294194,176.74676664524395,152.12261647959852,153.0,153.0,0.0,0.07060869545643575,Product 027,Home Decor
SKU028,1,2025-12-01,34.97818531425388,30.28166454411335,40.64011848127558,34.97818531425388,36.0,40.0,0.0,0.11901823869739771,Product 028,Kitchen
SKU029,1,2025-12-01,98.18430168621718,85.00109598162761,114.07743476912528,98.18430168621718,110.0,87.0,0.0,0.08616516750155884,Product 029,Lighting
SKU030,1,2025-12-01,29.505698689932338,25.54396867192865,34.281798208182614,29.505698689932338,30.0,25.0,0.0,0.13471977491807532,Product 030,Storage
SKU031,1,2025-12-01,112.36194415282156,97.27510646395922,130.55001802212692,112.36194415282156,114.0,96.0,0.0,0.07989703985402306,Product 031,Furniture
SKU032,1,2025-12-01,55.0772637429213,47.68203981100031,63.99264295808514,55.0772637429213,54.0,60.0,0.0,0.13249957463138817,Product 032,Home Decor
SKU033,1,2025-12-01,108.36080293909838,93.81119846132714,125.90121044319966,108.36080293909838,107.0,117.0,0.0,0.07768636431812793,Product 033,Kitchen
SKU034,1,2025-12-01,127.90018494248307,110.72702773920179,148.60344020538412,127.90018494248307,128.0,147.0,0.0,0.08817429047635006,Product 034,Lighting
SKU035,1,2025-12-01,134.03475643248774,116.03791034541013,155.73101729223916,134.03475643248774,135.0,128.0,0.0,0.08104934916897863,Product 035,Storage
SKU036,1,2025-12-01,28.06524179794556,24.296921919745525,32.60817396977317,28.06524179794556,26.0,27.0,0.0,0.1663827844118701,Product 036,Furniture
SKU037,1,2025-12-01,154.13095924656997,133.4357961064681,179.08020067755416,154.13095924656997,171.0,155.0,0.0,0.07976574349464627,Product 037,Home Decor
SKU038,1,2025-12-01,47.02873650649211,40.71418828702803,54.6412973250982,47.02873650649211,55.0,39.0,0.0,0.11336339049798044,Product 038,Kitchen
SKU039,1,2025-12-01,18.123600141338912,15.69014443948368,21.057274710907556,18.123600141338912,14.0,23.0,0.0,0.162948276970638,Product 039,Lighting
SKU040,1,2025-12-01,98.06893167329157,84.9012166997702,113.94338976500745,98.06893167329157,97.0,103.0,0.0,0.08535605224883613,Product 040,Storage
SKU041,1,2025-12-01,67.75051284755816,58.65365182067795,78.71731608014323,67.75051284755816,75.0,78.0,0.0,0.10819310779254988,Product 041,Furniture
SKU042,1,2025-12-01,141.91514486746414,122.86019906397385,164.88700742719354,141.91514486746414,159.0,156.0,0.0,0.06431715228935356,Product 042,Home Decor
SKU043,1,2025-12-01,138.58317354244954,119.97561151238409,161.01568854062955,138.58317354244954,147.0,127.0,0.0,0.05829721102947584,Product 043,Kitchen
SKU044,1,2025-12-01,57.81235779554693,50.04989279862965,67.17046780398535,57.81235779554693,50.0,52.0,0.0,0.10501741484554171,Product 044,Lighting
SKU045,1,2025-12-01,157.56051144777393,136.40486235048115,183.06489589665836,157.56051144777393,151.0,166.0,0.0,0.0766477971284328,Product 045,Storage
SKU046,1,2025-12-01,53.95105166815633,46.70704422597591,62.68413047402439,53.95105166815633,51.0,56.0,0.0,0.11181705902016201,Product 046,Furniture
SKU047,1,2025-12-01,87.30109320447984,75.57917584921525,101.43255687793318,87.30109320447984,78.0,108.0,0.0,0.07679639807126024,Product 047,Home Decor
SKU048,1,2025-12-01,52.157748482251876,45.15452785002432,60.60054456774506,52.157748482251876,50.0,57.0,0.0,0.13312963797438465,Product 048,Kitchen
SKU049,1,2025-12-01,149.45584733832857,129.38841145115654,173.6483264920535,149.45584733832857,149.0,167.0,0.0,0.06417327151372702,Product 049,Lighting
SKU050,1,2025-12-01,37.279052583667756,32.273594376577485,43.313428076915585,37.279052583667756,33.0,40.0,0.0,0.13337988098584488,Product 050,Storage
SKU001,2,2025-12-08,88.48885632362084,75.61413791766556,103.44729175598084,88.48885632362084,94.0,89.0,0.0,0.08254905651507526,Product 001,Furniture
SKU002,2,2025-12-08,61.51114210446361,52.56155606249472,71.90917961751856,61.51114210446361,57.0,55.0,0.0,0.10303219029253761,Product 002,Home Decor
SKU003,2,2025-12-08,35.217417317287676,30.09344634757746,41.17068064242915,35.217417317287676,23.0,33.0,0.0,0.11971719616677484,Product 003,Kitchen
SKU004,2,2025-12-08,27.83007378691799,23.78092705692593,32.53455725653092,27.83007378691799,33.0,39.0,0.0,0.14620794082272953,Product 004,Lighting
SKU005,2,2025-12-08,104.98041999705504,89.70625552307922,122.72664137938295,104.98041999705504,107.0,103.0,0.0,0.07863400677937801,Product 005,Storage
SKU006,2,2025-12-08,39.66818035512735,33.896643994875134,46.373814705189474,39.66818035512735,34.0,41.0,0.0,0.1184058548981385,Product 006,Furniture
SKU007,2,2025-12-08,150.81692172488735,128.8737587241174,176.3114899615752,150.81692172488735,137.0,154.0,0.0,0.05887209542999185,Product 007,Home Decor
SKU008,2,2025-12-08,102.88599068019326,87.91655596311651,120.278163123417,102.88599068019326,104.0,112.0,0.0,0.08903993556998896,Product 008,Kitchen
SKU009,2,2025-12-08,66.6130889272331,56.92119327257027,77.87357562652936,66.6130889272331,71.0,82.0,0.0,0.10477540268173555,Product 009,Lighting
SKU010,2,2025-12-08,105.80725995234623,90.41279409768318,123.6932529691824,105.80725995234623,106.0,108.0,0.0,0.08016448146415688,Product 010,Storage
SKU011,2,2025-12-08,16.47105484952335,14.074592720313408,19.255373923197347,16.47105484952335,15.0,23.0,0.0,0.2183092892366262,Product 011,Furniture
SKU012,2,2025-12-08,164.26674467952665,140.3666947853648,192.03491341917345,164.26674467952665,184.0,155.0,0.0,0.05859191458083994,Product 012,Home Decor
SKU013,2,2025-12-08,86.06864079819202,73.54605253230388,100.61795536298061,86.06864079819202,94.0,107.0,0.0,0.08789133171223949,Product 013,Kitchen
SKU014,2,2025-12-08,134.3677866509822,114.81789655367865,157.08174120201778,134.3677866509822,135.0,137.0,0.0,0.07564572167019151,Product 014,Lighting
SKU015,2,2025-12-08,24.518783472184932,20.951414133536275,28.66351598073236,24.518783472184932,21.0,31.0,0.0,0.15170016315092763,Product 015,Storage
SKU016,2,2025-12-08,83.94681193011493,71.73293992881736,98.13744584922344,83.94681193011493,71.0,78.0,0.0,0.10123427670825032,Product 016,Furniture
SKU017,2,2025-12-08,88.35885060159505,75.50304742555441,103.29530945656944,88.35885060159505,88.0,96.0,0.0,0.08952759439692096,Product 017,Home Decor
SKU018,2,2025-12-08,157.59055744356522,134.6618618448424,184.2301624312041,157.59055744356522,150.0,162.0,0.0,0.05794841105223062,Product 018,Kitchen
SKU019,2,2025-12-08,99.76566750647964,85.25022534695407,116.63037067660767,99.76566750647964,97.0,96.0,0.0,0.07892825023339259,Product 019,Lighting
SKU020,2,2025-12-08,84.21242643000916,71.9599087502301,98.44796066212471,84.21242643000916,80.0,82.0,0.0,0.08323222506961415,Product 020,Storage
SKU021,2,2025-12-08,52.73036123353627,45.05833810507303,61.64406784708103,52.73036123353627,63.0,59.0,0.0,0.11039868107229367,Product 021,Furniture
SKU022,2,2025-12-08,63.14259661839951,53.9556415072426,73.81642034930648,63.14259661839951,70.0,60.0,0.0,0.10123013515051721,Product 022,Home Decor
SKU023,2,2025-12-08,90.2411870005754,77.11151260403304,105.49584193871706,90.2411870005754,80.0,98.0,0.0,0.08635597372207277,Product 023,Kitchen
SKU024,2,2025-12-08,81.51369228949288,69.65382791720617,95.29302398868856,81.51369228949288,101.0,72.0,0.0,0.11000808267186968,Product 024,Lighting
SKU025,2,2025-12-08,17.073424957100485,14.589320769518155,19.95957057408094,17.073424957100485,24.0,13.0,0.0,0.2115779820566367,Product 025,Storage
SKU026,2,2025-12-08,141.49673346674956,120.90961465390733,165.41578767750264,141.49673346674956,148.0,128.0,0.0,0.08249210548890161,Product 026,Furniture
SKU027,2,2025-12-08,153.14957851232325,130.86702476198658,179.03846641128706,153.14957851232325,154.0,161.0,0.0,0.07060869545643575,Product 027,Home Decor
SKU028,2,2025-12-08,35.63735962284999,30.452288994318447,41.661611320132884,35.63735962284999,48.0,25.0,0.0,0.11901823869739771,Product 028,Kitchen
SKU029,2,2025-12-08,100.00378218073189,85.45369543988059,116.90873700658562,100.00378218073189,95.0,115.0,0.0,0.08616516750155884,Product 029,Lighting
SKU030,2,2025-12-08,29.932983067540682,25.577872785231133,34.99294895608401,29.932983067540682,38.0,35.0,0.0,0.13471977491807532,Product 030,Storage
SKU031,2,2025-12-08,112.97630376144612,96.53877526458366,132.0741745602483,112.97630376144612,107.0,104.0,0.0,0.07989703985402306,Product 031,Furniture
SKU032,2,2025-12-08,57.122954480387314,48.81182939632549,66.77919891387339,57.122954480387314,58.0,56.0,0.0,0.13249957463138817,Product 032,Home Decor
SKU033,2,2025-12-08,113.87762395816496,97.30895755073989,133.12785676645223,113.87762395816496,127.0,109.0,0.0,0.07768636431812793,Product 033,Kitchen
SKU034,2,2025-12-08,126.85381687177977,108.39717454642494,148.2975862667111,126.85381687177977,137.0,118.0,0.0,0.08817429047635006,Product 034,Lighting
SKU035,2,2025-12-08,136.86489481146856,116.95168705213197,160.00096840368204,136.86489481146856,133.0,128.0,0.0,0.08104934916897863,Product 035,Storage
SKU036,2,2025-12-08,29.283043857330227,25.022496717320156,34.233141971389756,29.283043857330227,36.0,31.0,0.0,0.1663827844118701,Product 036,Furniture
SKU037,2,2025-12-08,154.61720063257863,132.12111466689117,180.75418000471797,154.61720063257863,173.0,133.0,0.0,0.07976574349464627,Product 037,Home Decor
SKU038,2,2025-12-08,48.07633284602075,41.08144927424301,56.203307818686135,48.07633284602075,56.0,49.0,0.0,0.11336339049798044,Product 038,Kitchen
SKU039,2,2025-12-08,18.656138368225324,15.941756715975142,21.80983085327307,18.656138368225324,17.0,15.0,0.0,0.162948276970638,Product 039,Lighting
SKU040,2,2025-12-08,97.12506927647293,82.99382191894894,113.54339739139736,97.12506927647293,90.0,101.0,0.0,0.08535605224883613,Product 040,Storage
SKU041,2,2025-12-08,68.57231187532985,58.59535836367563,80.16399180261318,68.57231187532985,54.0,66.0,0.0,0.10819310779254988,Product 041,Furniture
SKU042,2,2025-12-08,138.81047359084567,118.614193137819,162.27543395772202,138.81047359084567,132.0,125.0,0.0,0.06431715228935356,Product 042,Home Decor
SKU043,2,2025-12-08,139.0860239303284,118.84965218021759,162.59756419588084,139.0860239303284,133.0,142.0,0.0,0.05829721102947584,Product 043,Kitchen
SKU044,2,2025-12-08,58.53521761928322,50.018614795042474,68.43019546909257,58.53521761928322,54.0,57.0,0.0,0.10501741484554171,Product 044,Lighting
SKU045,2,2025-12-08,157.14361761409407,134.2799496887746,183.70767048297978,157.14361761409407,149.0,152.0,0.0,0.0766477971284328,Product 045,Storage
SKU046,2,2025-12-08,57.235187394084406,48.90773294133411,66.91040403336761,57.235187394084406,63.0,66.0,0.0,0.11181705902016201,Product 046,Furniture
SKU047,2,2025-12-08,89.52918407658345,76.5031028050001,104.66347979426877,89.52918407658345,85.0,86.0,0.0,0.07679639807126024,Product 047,Home Decor
SKU048,2,2025-12-08,52.81989644971224,45.13484636233491,61.748738378659795,52.81989644971224,55.0,55.0,0.0,0.13312963797438465,Product 048,Kitchen
SKU049,2,2025-12-08,151.73582749506815,129.65896796431463,177.385730462057,151.73582749506815,150.0,171.0,0.0,0.06417327151372702,Product 049,Lighting
SKU050,2,2025-12-08,38.16399767454726,32.611312921696985,44.61536023897749,38.16399767454726,37.0,34.0,0.0,0.13337988098584488,Product 050,Storage
SKU001,3,2025-12-15,86.23668316185214,71.46817504900802,101.29909433727163,86.23668316185214,77.0,91.0,0.0,0.08254905651507526,Product 001,Furniture
SKU002,3,2025-12-15,61.56109114777738,51.018414403761945,72.31357411995974,61.56109114777738,59.0,55.0,0.0,0.10303219029253761,Product 002,Home Decor
SKU003,3,2025-12-15,35.679040481976315,29.5688078118769,41.910870816583795,35.679040481976315,48.0,23.0,0.0,0.11971719616677484,Product 003,Kitchen
SKU004,3,2025-12-15,27.362505586702632,22.67652543384211,32.141739838594006,27.362505586702632,27.0,38.0,0.0,0.14620794082272953,Product 004,Lighting
SKU005,3,2025-12-15,105.53223496012657,87.45925706915122,123.96487704408803,105.53223496012657,110.0,100.0,0.0,0.07863400677937801,Product 005,Storage
SKU006,3,2025-12-15,41.04836992699765,34.018609944831944,48.218026774313294,41.04836992699765,44.0,41.0,0.0,0.1184058548981385,Product 006,Furniture
SKU007,3,2025-12-15,154.88903060329676,128.36342895460947,181.94250923872067,154.88903060329676,167.0,149.0,0.0,0.05887209542999185,Product 007,Home Decor
SKU008,3,2025-12-15,99.34297949759832,82.32994577608109,116.69458382328533,99.34297949759832,82.0,100.0,0.0,0.08903993556998896,Product 008,Kitchen
SKU009,3,2025-12-15,66.07993071833258,54.76337774889307,77.62169056378836,66.07993071833258,76.0,69.0,0.0,0.10477540268173555,Product 009,Lighting
SKU010,3,2025-12-15,105.1534416191067,87.14533417913702,123.51992228725577,105.1534416191067,109.0,102.0,0.0,0.08016448146415688,Product 010,Storage
SKU011,3,2025-12-15,16.21233887910474,13.435886336109066,19.044044660900607,16.21233887910474,20.0,18.0,0.0,0.2183092892366262,Product 011,Furniture
SKU012,3,2025-12-15,164.23046874836268,136.10509424231594,192.9155567772816,164.23046874836268,161.0,171.0,0.0,0.05859191458083994,Product 012,Home Decor
SKU013,3,2025-12-15,82.98518242110717,68.77351176197733,97.47967470982316,82.98518242110717,84.0,96.0,0.0,0.08789133171223949,Product 013,Kitchen
SKU014,3,2025-12-15,136.3039058820923,112.96110945224886,160.1112393733223,136.3039058820923,141.0,116.0,0.0,0.07564572167019151,Product 014,Lighting
SKU015,3,2025-12-15,25.001561148970822,20.719905766082906,29.368424301005618,25.001561148970822,26.0,21.0,0.0,0.15170016315092763,Product 015,Storage
SKU016,3,2025-12-15,84.56150745178103,70.0798824280997,99.33132637514451,84.56150745178103,82.0,74.0,0.0,0.10123427670825032,Product 016,Furniture
SKU017,3,2025-12-15,86.91833730847645,72.03309215954201,102.09980866408185,86.91833730847645,80.0,81.0,0.0,0.08952759439692096,Product 017,Home Decor
SKU018,3,2025-12-15,160.32281911872047,132.86665118627548,188.32538292136925,160.32281911872047,172.0,160.0,0.0,0.05794841105223062,Product 018,Kitchen
SKU019,3,2025-12-15,100.55110631910836,83.33117420921818,118.1137264477047,100.55110631910836,106.0,107.0,0.0,0.07892825023339259,Product 019,Lighting
SKU020,3,2025-12-15,84.08048550534836,69.68123814576404,98.76628739470821,84.08048550534836,81.0,74.0,0.0,0.08323222506961415,Product 020,Storage
SKU021,3,2025-12-15,51.80615712452514,42.93406668996077,60.85480801666859,51.80615712452514,50.0,47.0,0.0,0.11039868107229367,Product 021,Furniture
SKU022,3,2025-12-15,61.939586904919906,51.33209067278077,72.75817931583765,61.939586904919906,46.0,62.0,0.0,0.10123013515051721,Product 022,Home Decor
SKU023,3,2025-12-15,92.12755868158956,76.35020561187584,108.21889149462542,92.12755868158956,90.0,96.0,0.0,0.08635597372207277,Product 023,Kitchen
SKU024,3,2025-12-15,79.34558398782896,65.757214654986,93.20437084232087,79.34558398782896,75.0,85.0,0.0,0.11000808267186968,Product 024,Lighting
SKU025,3,2025-12-15,16.89084783578792,13.998196887844252,19.841064447511993,16.89084783578792,22.0,14.0,0.0,0.2115779820566367,Product 025,Storage
SKU026,3,2025-12-15,139.3425941605812,115.4794055861438,163.68067594367935,139.3425941605812,131.0,156.0,0.0,0.08249210548890161,Product 026,Furniture
SKU027,3,2025-12-15,149.18310682019833,123.63467612234413,175.23996815767575,149.18310682019833,133.0,182.0,0.0,0.07060869545643575,Product 027,Home Decor
SKU028,3,2025-12-15,35.64848172840415,29.543482413571915,41.874974560519235,35.64848172840415,45.0,22.0,0.0,0.11901823869739771,Product 028,Kitchen
SKU029,3,2025-12-15,99.81549477007609,82.72154019934283,117.24963032330773,99.81549477007609,109.0,104.0,0.0,0.08616516750155884,Product 029,Lighting
SKU030,3,2025-12-15,29.775945013477216,24.676650033940412,34.97671932999307,29.775945013477216,32.0,26.0,0.0,0.13471977491807532,Product 030,Storage
SKU031,3,2025-12-15,113.13729841135395,93.76191141603783,132.89826840076776,113.13729841135395,106.0,132.0,0.0,0.07989703985402306,Product 031,Furniture
SKU032,3,2025-12-15,57.698983250697175,47.81771380714178,67.7768964804362,57.698983250697175,59.0,68.0,0.0,0.13249957463138817,Product 032,Home Decor
SKU033,3,2025-12-15,113.54083827197523,94.09634284754368,133.37229199387374,113.54083827197523,120.0,116.0,0.0,0.07768636431812793,Product 033,Kitchen
SKU034,3,2025-12-15,122.8820406516365,101.83781274597273,144.3450625873912,122.8820406516365,114.0,119.0,0.0,0.08817429047635006,Product 034,Lighting
SKU035,3,2025-12-15,136.3952091818944,113.03677655786518,160.2184900378985,136.3952091818944,134.0,127.0,0.0,0.08104934916897863,Product 035,Storage
SKU036,3,2025-12-15,28.54854642716198,23.65945023212236,33.534938864582244,28.54854642716198,25.0,36.0,0.0,0.1663827844118701,Product 036,Furniture
SKU037,3,2025-12-15,155.62571439964856,128.9739515835309,182.80786489303452,155.62571439964856,177.0,139.0,0.0,0.07976574349464627,Product 037,Home Decor
SKU038,3,2025-12-15,47.44687607439744,39.321336587695335,55.73411916189466,47.44687607439744,45.0,49.0,0.0,0.11336339049798044,Product 038,Kitchen
SKU039,3,2025-12-15,18.458591650661894,15.297455918750217,21.68263607082606,18.458591650661894,13.0,12.0,0.0,0.162948276970638,Product 039,Lighting
SKU040,3,2025-12-15,99.11781064905581,82.14333833603128,116.43008616876037,99.11781064905581,99.0,93.0,0.0,0.08535605224883613,Product 040,Storage
SKU041,3,2025-12-15,68.88693860614329,57.089670038144114,80.91898060796979,68.88693860614329,79.0,71.0,0.0,0.10819310779254988,Product 041,Furniture
SKU042,3,2025-12-15,138.24546796338308,114.57016830755963,162.39192171433038,138.24546796338308,122.0,173.0,0.0,0.06431715228935356,Product 042,Home Decor
SKU043,3,2025-12-15,138.38123704839134,114.68268618716549,162.5514047190805,138.38123704839134,133.0,132.0,0.0,0.05829721102947584,Product 043,Kitchen
SKU044,3,2025-12-15,58.48461289097372,48.468800033980926,68.69974703691187,58.48461289097372,52.0,61.0,0.0,0.10501741484554171,Product 044,Lighting
SKU045,3,2025-12-15,160.18653659674072,132.75370779861424,188.16529680088803,160.18653659674072,159.0,123.0,0.0,0.0766477971284328,Product 045,Storage
SKU046,3,2025-12-15,56.96641165078809,47.2105991383184,66.91637127367798,56.96641165078809,59.0,57.0,0.0,0.11181705902016201,Product 046,Furniture
SKU047,3,2025-12-15,92.21723390142688,76.42452345521014,108.32422971289812,92.21723390142688,92.0,100.0,0.0,0.07679639807126024,Product 047,Home Decor
SKU048,3,2025-12-15,52.074074606962995,43.15610182433185,61.16952093619426,52.074074606962995,41.0,58.0,0.0,0.13312963797438465,Product 048,Kitchen
SKU049,3,2025-12-15,156.09154771388498,129.3600083707919,183.35506233980684,156.09154771388498,161.0,147.0,0.0,0.06417327151372702,Product 049,Lighting
SKU050,3,2025-12-15,37.575629187597436,31.140595230403942,44.138724569367106,37.575629187597436,32.0,34.0,0.0,0.13337988098584488,Product 050,Storage
SKU001,4,2025-12-22,89.12040201719395,74.34786350125943,103.22037971737615,89.12040201719395,105.0,76.0,0.0,0.08254905651507526,Product 001,Furniture
SKU002,4,2025-12-22,62.20566078713869,51.89449186186977,72.04738512938901,62.20566078713869,65.0,51.0,0.0,0.10303219029253761,Product 002,Home Decor
SKU003,4,2025-12-22,35.02786646044771,29.221670632043082,40.569719109204684,35.02786646044771,30.0,34.0,0.0,0.11971719616677484,Product 003,Kitchen
SKU004,4,2025-12-22,27.47458917080727,22.92041955814188,31.8214175721795,27.47458917080727,28.0,30.0,0.0,0.14620794082272953,Product 004,Lighting
SKU005,4,2025-12-22,104.85761750815513,87.47648862781747,121.44742225649969,104.85761750815513,106.0,108.0,0.0,0.07863400677937801,Product 005,Storage
SKU006,4,2025-12-22,41.055252350454275,34.2499610490137,47.55071387794015,41.055252350454275,48.0,43.0,0.0,0.1184058548981385,Product 006,Furniture
SKU007,4,2025-12-22,151.63571116539703,126.50067661797902,175.62640350508005,151.63571116539703,147.0,161.0,0.0,0.05887209542999185,Product 007,Home Decor
SKU008,4,2025-12-22,99.4816329276154,82.99162367285766,115.22088874455467,99.4816329276154,97.0,105.0,0.0,0.08903993556998896,Product 008,Kitchen
SKU009,4,2025-12-22,67.16531315731174,56.03203555652436,77.79171739594095,67.16531315731174,68.0,77.0,0.0,0.10477540268173555,Product 009,Lighting
SKU010,4,2025-12-22,104.98101246955984,87.57942972255682,121.59033986552201,104.98101246955984,109.0,102.0,0.0,0.08016448146415688,Product 010,Storage
SKU011,4,2025-12-22,16.566918278891062,13.82079693264712,19.188014829241425,16.566918278891062,17.0,22.0,0.0,0.2183092892366262,Product 011,Furniture
SKU012,4,2025-12-22,164.61100723072502,137.32519624444254,190.65455594261212,164.61100723072502,161.0,150.0,0.0,0.05859191458083994,Product 012,Home Decor
SKU013,4,2025-12-22,82.79323681417874,69.06948499065825,95.89217674692951,82.79323681417874,83.0,71.0,0.0,0.08789133171223949,Product 013,Kitchen
SKU014,4,2025-12-22,135.08356373889853,112.69220213106401,156.45549646438312,135.08356373889853,135.0,122.0,0.0,0.07564572167019151,Product 014,Lighting
SKU015,4,2025-12-22,24.86178670946723,20.740713493598026,28.79523662952641,24.86178670946723,32.0,27.0,0.0,0.15170016315092763,Product 015,Storage
SKU016,4,2025-12-22,84.61818803766305,70.59193351410512,98.00585839546378,84.61818803766305,75.0,104.0,0.0,0.10123427670825032,Product 016,Furniture
SKU017,4,2025-12-22,89.11719790727354,74.34519050246662,103.21666867663625,89.11719790727354,94.0,98.0,0.0,0.08952759439692096,Product 017,Home Decor
SKU018,4,2025-12-22,158.08900840287652,131.88427960097067,183.10069419727435,158.08900840287652,154.0,161.0,0.0,0.05794841105223062,Product 018,Kitchen
SKU019,4,2025-12-22,97.42893888608641,81.27918282928962,112.8434324762432,97.42893888608641,86.0,104.0,0.0,0.07892825023339259,Product 019,Lighting
SKU020,4,2025-12-22,83.58218871338389,69.72766074821203,96.80595084098026,83.58218871338389,87.0,99.0,0.0,0.08323222506961415,Product 020,Storage
SKU021,4,2025-12-22,52.79644814806844,44.04494404666854,61.14951573626186,52.79644814806844,54.0,50.0,0.0,0.11039868107229367,Product 021,Furniture
SKU022,4,2025-12-22,62.497872594629726,52.13826683466004,72.38582855024912,62.497872594629726,59.0,84.0,0.0,0.10123013515051721,Product 022,Home Decor
SKU023,4,2025-12-22,91.23079363149009,76.10843800633874,105.66466204610695,91.23079363149009,99.0,99.0,0.0,0.08635597372207277,Product 023,Kitchen
SKU024,4,2025-12-22,78.73946176178562,65.68766099257994,91.19704307690728,78.73946176178562,71.0,71.0,0.0,0.11000808267186968,Product 024,Lighting
SKU025,4,2025-12-22,16.81891611479243,14.031023775010253,19.47988191826867,16.81891611479243,16.0,16.0,0.0,0.2115779820566367,Product 025,Storage
SKU026,4,2025-12-22,141.62708161325148,118.15107083821576,164.03428184225695,141.62708161325148,145.0,135.0,0.0,0.08249210548890161,Product 026,Furniture
SKU027,4,2025-12-22,155.9331152761528,130.08574588387594,180.60371143986296,155.9331152761528,172.0,144.0,0.0,0.07060869545643575,Product 027,Home Decor
SKU028,4,2025-12-22,35.304413060534834,29.45237705178127,40.89001888820518,35.304413060534834,37.0,31.0,0.0,0.11901823869739771,Product 028,Kitchen
SKU029,4,2025-12-22,100.03804540083385,83.45580558488788,115.86533272668588,100.03804540083385,96.0,97.0,0.0,0.08616516750155884,Product 029,Lighting
SKU030,4,2025-12-22,29.319410157465036,24.45944424604475,33.958112632382,29.319410157465036,27.0,28.0,0.0,0.13471977491807532,Product 030,Storage
SKU031,4,2025-12-22,114.33062838133372,95.37925952430814,132.41918357337167,114.33062838133372,108.0,97.0,0.0,0.07989703985402306,Product 031,Furniture
SKU032,4,2025-12-22,58.21642494181866,48.56650909486021,67.42700158739535,58.21642494181866,64.0,51.0,0.0,0.13249957463138817,Product 032,Home Decor
SKU033,4,2025-12-22,110.77176778426553,92.41031329087679,128.29726610132397,110.77176778426553,108.0,96.0,0.0,0.07768636431812793,Product 033,Kitchen
SKU034,4,2025-12-22,127.52795315432606,106.38900452764555,147.70449247558003,127.52795315432606,127.0,124.0,0.0,0.08817429047635006,Product 034,Lighting
SKU035,4,2025-12-22,134.40566701989604,112.12667312096568,155.6703478882905,134.40566701989604,126.0,148.0,0.0,0.08104934916897863,Product 035,Storage
SKU036,4,2025-12-22,29.677932319509644,24.75853801315687,34.37335754674178,29.677932319509644,37.0,30.0,0.0,0.1663827844118701,Product 036,Furniture
SKU037,4,2025-12-22,153.151930018059,127.7655680428853,177.38250740681312,153.151930018059,137.0,161.0,0.0,0.07976574349464627,Product 037,Home Decor
SKU038,4,2025-12-22,47.27952210236397,39.44249998999289,54.75974203213929,47.27952210236397,45.0,56.0,0.0,0.11336339049798044,Product 038,Kitchen
SKU039,4,2025-12-22,18.54930170027802,15.47458179766604,21.48403644572286,18.54930170027802,16.0,21.0,0.0,0.162948276970638,Product 039,Lighting
SKU040,4,2025-12-22,98.835191474379,82.45233592461003,114.47217205614432,98.835191474379,103.0,76.0,0.0,0.08535605224883613,Product 040,Storage
SKU041,4,2025-12-22,68.91989385520652,57.49577812586172,79.82389500939625,68.91989385520652,80.0,70.0,0.0,0.10819310779254988,Product 041,Furniture
SKU042,4,2025-12-22,144.211007433113,120.30668683415102,167.0270174925762,144.211007433113,158.0,148.0,0.0,0.06431715228935356,Product 042,Home Decor
SKU043,4,2025-12-22,137.37556009625578,114.60427869787868,159.11011570938624,137.37556009625578,131.0,126.0,0.0,0.05829721102947584,Product 043,Kitchen
SKU044,4,2025-12-22,60.170296174646104,50.19650793271629,69.69000002553523,60.170296174646104,60.0,61.0,0.0,0.10501741484554171,Product 044,Lighting
SKU045,4,2025-12-22,161.1780445607593,134.4612791815203,186.67845504619703,161.1780445607593,190.0,157.0,0.0,0.0766477971284328,Product 045,Storage
SKU046,4,2025-12-22,56.9968282053983,47.549071901651985,66.01444918204271,56.9968282053983,66.0,58.0,0.0,0.11181705902016201,Product 046,Furniture
SKU047,4,2025-12-22,90.45621031668082,75.46224910619576,104.76752982870593,90.45621031668082,82.0,88.0,0.0,0.07679639807126024,Product 047,Home Decor
SKU048,4,2025-12-22,53.15949592499247,44.34781326575011,61.570002275162544,53.15949592499247,62.0,40.0,0.0,0.13312963797438465,Product 048,Kitchen
SKU049,4,2025-12-22,151.23446010683693,126.1659366677956,175.16166944094755,151.23446010683693,135.0,166.0,0.0,0.06417327151372702,Product 049,Lighting
SKU050,4,2025-12-22,38.63175902494449,32.22818436395732,44.74379317696099,38.63175902494449,54.0,49.0,0.0,0.13337988098584488,Product 050,Storage
SKU001,5,2025-12-29,87.71214179156664,75.34806592286277,101.98915383818387,87.71214179156664,78.0,,0.0,0.08254905651507526,Product 001,Furniture
SKU002,5,2025-12-29,62.765544178820825,53.917989731780295,72.98196817725601,62.765544178820825,70.0,,0.0,0.10303219029253761,Product 002,Home Decor
SKU003,5,2025-12-29,35.17592455799621,30.217457108639216,40.90155259999321,35.17592455799621,32.0,,0.0,0.11971719616677484,Product 003,Kitchen
SKU004,5,2025-12-29,28.133811806135267,24.168014408626753,32.713186586743745,28.133811806135267,37.0,,0.0,0.14620794082272953,Product 004,Lighting
SKU005,5,2025-12-29,106.37858908436024,91.38325412411916,123.6939614699606,106.37858908436024,111.0,,0.0,0.07863400677937801,Product 005,Storage
SKU006,5,2025-12-29,41.06963931746143,35.280382253963076,47.7545944822662,41.06963931746143,45.0,,0.0,0.1184058548981385,Product 006,Furniture
SKU007,5,2025-12-29,158.80360155642697,136.41833381854732,184.65225701230483,158.80360155642697,175.0,,0.0,0.05887209542999185,Product 007,Home Decor
SKU008,5,2025-12-29,102.71920814350727,88.23970671168135,119.43893864066908,102.71920814350727,103.0,,0.0,0.08903993556998896,Product 008,Kitchen
SKU009,5,2025-12-29,66.37864327853801,57.02177928235654,77.18317581381483,66.37864327853801,66.0,,0.0,0.10477540268173555,Product 009,Lighting
SKU010,5,2025-12-29,106.00428052530192,91.06170883509363,123.25872625128967,106.00428052530192,116.0,,0.0,0.08016448146415688,Product 010,Storage
SKU011,5,2025-12-29,16.672365541759596,14.322196132387138,19.386146767749384,16.672365541759596,17.0,,0.0,0.2183092892366262,Product 011,Furniture
SKU012,5,2025-12-29,165.11099093120706,141.83662119250573,191.98630783038237,165.11099093120706,161.0,,0.0,0.05859191458083994,Product 012,Home Decor
SKU013,5,2025-12-29,83.71955021419039,71.91827790001305,97.346683271615,83.71955021419039,82.0,,0.0,0.08789133171223949,Product 013,Kitchen
SKU014,5,2025-12-29,133.63302043043151,114.79584727038939,155.3846297691349,133.63302043043151,131.0,,0.0,0.07564572167019151,Product 014,Lighting
SKU015,5,2025-12-29,24.785374409462182,21.291579327350917,28.819719960671073,24.785374409462182,31.0,,0.0,0.15170016315092763,Product 015,Storage
SKU016,5,2025-12-29,86.29740974798972,74.13275728821638,100.34414413844299,86.29740974798972,92.0,,0.0,0.10123427670825032,Product 016,Furniture
SKU017,5,2025-12-29,88.42079387788672,75.956825018534,102.81315408687462,88.42079387788672,85.0,,0.0,0.08952759439692096,Product 017,Home Decor
SKU018,5,2025-12-29,162.02343722575964,139.1842951246819,188.39618925139666,162.02343722575964,181.0,,0.0,0.05794841105223062,Product 018,Kitchen
SKU019,5,2025-12-29,101.46826843316107,87.1651019211077,117.98438195153965,101.46826843316107,100.0,,0.0,0.07892825023339259,Product 019,Lighting
SKU020,5,2025-12-29,84.34593313170521,72.45636465057966,98.0750232987898,84.34593313170521,93.0,,0.0,0.08323222506961415,Product 020,Storage
SKU021,5,2025-12-29,51.759496191944415,44.46337589694758,60.18445236751326,51.759496191944415,48.0,,0.0,0.11039868107229367,Product 021,Furniture
SKU022,5,2025-12-29,64.10118720480678,55.065357892171946,74.53501544377797,64.10118720480678,77.0,,0.0,0.10123013515051721,Product 022,Home Decor
SKU023,5,2025-12-29,92.8483719631846,79.76028299636351,107.9614144445465,92.8483719631846,117.0,,0.0,0.08635597372207277,Product 023,Kitchen
SKU024,5,2025-12-29,82.55412424794942,70.91713266813383,95.99155950277103,82.55412424794942,101.0,,0.0,0.11000808267186968,Product 024,Lighting
SKU025,5,2025-12-29,16.975745131063455,14.582810738616214,19.738907821953298,16.975745131063455,15.0,,0.0,0.2115779820566367,Product 025,Storage
SKU026,5,2025-12-29,141.58288635940588,121.62508447585772,164.62850504868098,141.58288635940588,147.0,,0.0,0.08249210548890161,Product 026,Furniture
SKU027,5,2025-12-29,156.82658777461083,134.72000378441498,182.35344229161308,156.82658777461083,185.0,,0.0,0.07060869545643575,Product 027,Home Decor
SKU028,5,2025-12-29,35.590504086387334,30.573596692024548,41.38361374267653,35.590504086387334,47.0,,0.0,0.11901823869739771,Product 028,Kitchen
SKU029,5,2025-12-29,99.63972713835804,85.59431540045814,115.85820676523187,99.63972713835804,114.0,,0.0,0.08616516750155884,Product 029,Lighting
SKU030,5,2025-12-29,29.45261738909453,25.300918565047752,34.24665575914994,29.45261738909453,21.0,,0.0,0.13471977491807532,Product 030,Storage
SKU031,5,2025-12-29,119.31655955647054,102.49746285427638,138.73786113860155,119.31655955647054,138.0,,0.0,0.07989703985402306,Product 031,Furniture
SKU032,5,2025-12-29,57.564229343136695,49.44986245635703,66.93402899686285,57.564229343136695,57.0,,0.0,0.13249957463138817,Product 032,Home Decor
SKU033,5,2025-12-29,111.90249008557821,96.12849518527355,130.11699455857098,111.90249008557821,103.0,,0.0,0.07768636431812793,Product 033,Kitchen
SKU034,5,2025-12-29,129.51075516064236,111.25466461362903,150.59137836545352,129.51075516064236,129.0,,0.0,0.08817429047635006,Product 034,Lighting
SKU035,5,2025-12-29,135.97233408248417,116.80540667309985,158.10471635078423,135.97233408248417,139.0,,0.0,0.08104934916897863,Product 035,Storage
SKU036,5,2025-12-29,28.882481470010482,24.811150125483014,33.58371812278124,28.882481470010482,22.0,,0.0,0.1663827844118701,Product 036,Furniture
SKU037,5,2025-12-29,157.93063306441212,135.66842068062368,183.63719437662593,157.93063306441212,159.0,,0.0,0.07976574349464627,Product 037,Home Decor
SKU038,5,2025-12-29,48.65515008951743,41.79662452142091,56.57480807265881,48.65515008951743,57.0,,0.0,0.11336339049798044,Product 038,Kitchen
SKU039,5,2025-12-29,18.599033174668186,15.977276909696354,21.62642043561525,18.599033174668186,13.0,,0.0,0.162948276970638,Product 039,Lighting
SKU040,5,2025-12-29,98.66457486767968,84.75662251011116,114.72432777290024,98.66457486767968,101.0,,0.0,0.08535605224883613,Product 040,Storage
SKU041,5,2025-12-29,69.36218097175333,59.58475163943275,80.65234756769183,69.36218097175333,74.0,,0.0,0.10819310779254988,Product 041,Furniture
SKU042,5,2025-12-29,145.53318150521824,125.01853825525286,169.22179454205448,145.53318150521824,157.0,,0.0,0.06431715228935356,Product 042,Home Decor
SKU043,5,2025-12-29,141.94943999673615,121.93996799216107,165.0547230675781,141.94943999673615,169.0,,0.0,0.05829721102947584,Product 043,Kitchen
SKU044,5,2025-12-29,59.720438966018925,51.30212853366381,69.44120748371462,59.720438966018925,63.0,,0.0,0.10501741484554171,Product 044,Lighting
SKU045,5,2025-12-29,159.99692427410633,137.4434434209627,186.0398183207633,159.99692427410633,162.0,,0.0,0.0766477971284328,Product 045,Storage
SKU046,5,2025-12-29,56.31755980120997,48.37892590287121,65.48443753666243,56.31755980120997,56.0,,0.0,0.11181705902016201,Product 046,Furniture
SKU047,5,2025-12-29,94.14577461852268,80.87480122389937,109.46999690875974,94.14577461852268,114.0,,0.0,0.07679639807126024,Product 047,Home Decor
SKU048,5,2025-12-29,53.057315524001254,45.578252065633116,61.69351933142179,53.057315524001254,52.0,,0.0,0.13312963797438465,Product 048,Kitchen
SKU049,5,2025-12-29,159.6586108133506,137.15281929044963,185.64643716634413,159.6586108133506,198.0,,0.0,0.06417327151372702,Product 049,Lighting
SKU050,5,2025-12-29,38.718838878316625,33.26095526424148,45.02115139521275,38.718838878316625,47.0,,0.0,0.13337988098584488,Product 050,Storage
SKU001,6,2026-01-05,97.00486310398698,83.38331305151475,114.01304958159223,97.00486310398698,100.0,,0.0,0.08254905651507526,Product 001,Furniture
SKU002,6,2026-01-05,70.92409769880163,60.964842916956066,83.35945651296744,70.92409769880163,63.0,,0.0,0.10303219029253761,Product 002,Home Decor
SKU003,6,2026-01-05,42.47217465043776,36.50817620411139,49.91896281599287,42.47217465043776,34.0,,0.0,0.11971719616677484,Product 003,Kitchen
SKU004,6,2026-01-05,31.936202364930487,27.45167895981573,37.53568333762154,31.936202364930487,35.0,,0.0,0.14620794082272953,Product 004,Lighting
SKU005,6,2026-01-05,117.7036816577475,101.1755763673709,138.34106109087585,117.7036816577475,97.0,,0.0,0.07863400677937801,Product 005,Storage
SKU006,6,2026-01-05,47.687173221757575,40.99087783907396,56.04832449595777,47.687173221757575,50.0,,0.0,0.1184058548981385,Product 006,Furniture
SKU007,6,2026-01-05,170.2278019302885,146.32419081101824,200.07441071112396,170.2278019302885,171.0,,0.0,0.05887209542999185,Product 007,Home Decor
SKU008,6,2026-01-05,110.41020877051426,94.9062625048589,129.76879925465516,110.41020877051426,105.0,,0.0,0.08903993556998896,Product 008,Kitchen
SKU009,6,2026-01-05,71.74212881892018,61.66800503473161,84.3209157601949,71.74212881892018,55.0,,0.0,0.10477540268173555,Product 009,Lighting
SKU010,6,2026-01-05,111.18151798868264,95.56926347140951,130.67534469289265,111.18151798868264,118.0,,0.0,0.08016448146415688,Product 010,Storage
SKU011,6,2026-01-05,19.454799461469218,16.722931015439517,22.86587439665443,19.454799461469218,21.0,,0.0,0.2183092892366262,Product 011,Furniture
SKU012,6,2026-01-05,178.99053499980053,153.8564494147825,210.37354302218714,178.99053499980053,180.0,,0.0,0.05859191458083994,Product 012,Home Decor
SKU013,6,2026-01-05,93.3661228451718,80.25552947030721,109.73631684605807,93.3661228451718,93.0,,0.0,0.08789133171223949,Product 013,Kitchen
SKU014,6,2026-01-05,143.86195688521514,123.66067229334999,169.08575403767335,143.86195688521514,131.0,,0.0,0.07564572167019151,Product 014,Lighting
SKU015,6,2026-01-05,26.761701913466613,23.003788645625047,31.453920448061066,26.761701913466613,25.0,,0.0,0.15170016315092763,Product 015,Storage
SKU016,6,2026-01-05,91.02253669118492,78.24103275655378,106.98182190814133,91.02253669118492,97.0,,0.0,0.10123427670825032,Product 016,Furniture
SKU017,6,2026-01-05,93.76923027672859,80.6020320278425,110.21010244927598,93.76923027672859,97.0,,0.0,0.08952759439692096,Product 017,Home Decor
SKU018,6,2026-01-05,172.21616144091558,148.03334227238204,202.41139593245393,172.21616144091558,172.0,,0.0,0.05794841105223062,Product 018,Kitchen
SKU019,6,2026-01-05,109.99026209507666,94.54528529214515,129.27522192671267,109.99026209507666,114.0,,0.0,0.07892825023339259,Product 019,Lighting
SKU020,6,2026-01-05,97.30833632167207,83.64417216211275,114.36973177161322,97.30833632167207,83.0,,0.0,0.08323222506961415,Product 020,Storage
SKU021,6,2026-01-05,58.362142318081624,50.16685377978377,68.59497155999694,58.362142318081624,63.0,,0.0,0.11039868107229367,Product 021,Furniture
SKU022,6,2026-01-05,68.9285077055845,59.24947628684682,81.01397306439749,68.9285077055845,77.0,,0.0,0.10123013515051721,Product 022,Home Decor
SKU023,6,2026-01-05,98.1530246989037,84.37024829000933,115.36252218183283,98.1530246989037,114.0,,0.0,0.08635597372207277,Product 023,Kitchen
SKU024,6,2026-01-05,88.49193603581875,76.06578236288466,104.00752259201133,88.49193603581875,77.0,,0.0,0.11000808267186968,Product 024,Lighting
SKU025,6,2026-01-05,18.534971517048973,15.932266516888493,21.784769948093963,18.534971517048973,21.0,,0.0,0.2115779820566367,Product 025,Storage
SKU026,6,2026-01-05,153.16233218705415,131.65507670231764,180.01679518845876,153.16233218705415,165.0,,0.0,0.08249210548890161,Product 026,Furniture
SKU027,6,2026-01-05,174.15504059262264,149.69996147169513,204.69022523835505,174.15504059262264,167.0,,0.0,0.07060869545643575,Product 027,Home Decor
SKU028,6,2026-01-05,39.14721423207002,33.65011108678371,46.01102598781738,39.14721423207002,41.0,,0.0,0.11901823869739771,Product 028,Kitchen
SKU029,6,2026-01-05,110.47469223836673,94.96169111961635,129.8445888241902,110.47469223836673,110.0,,0.0,0.08616516750155884,Product 029,Lighting
SKU030,6,2026-01-05,34.46088072282832,29.621838672791263,40.503021980097785,34.46088072282832,31.0,,0.0,0.13471977491807532,Product 030,Storage
SKU031,6,2026-01-05,136.14379033736307,117.02630081082556,160.01433558357033,136.14379033736307,145.0,,0.0,0.07989703985402306,Product 031,Furniture
SKU032,6,2026-01-05,63.328053636922334,54.435445320818964,74.43157268798208,63.328053636922334,54.0,,0.0,0.13249957463138817,Product 032,Home Decor
SKU033,6,2026-01-05,125.36139188980569,107.75798088922473,147.34142322151664,125.36139188980569,123.0,,0.0,0.07768636431812793,Product 033,Kitchen
SKU034,6,2026-01-05,133.59461340311674,114.83508264371054,157.01820294757127,133.59461340311674,128.0,,0.0,0.08817429047635006,Product 034,Lighting
SKU035,6,2026-01-05,144.1740111609187,123.92890749854955,169.45252183126118,144.1740111609187,149.0,,0.0,0.08104934916897863,Product 035,Storage
SKU036,6,2026-01-05,33.27707592000354,28.604265292372066,39.111656729319535,33.27707592000354,32.0,,0.0,0.1663827844118701,Product 036,Furniture
SKU037,6,2026-01-05,163.3378387143974,140.40172526278886,191.97640724395086,163.3378387143974,156.0,,0.0,0.07976574349464627,Product 037,Home Decor
SKU038,6,2026-01-05,53.234301444516056,45.759071044391234,62.5680492278905,53.234301444516056,48.0,,0.0,0.11336339049798044,Product 038,Kitchen
SKU039,6,2026-01-05,22.2831827831436,19.15414904301452,26.190167608058964,22.2831827831436,25.0,,0.0,0.162948276970638,Product 039,Lighting
SKU040,6,2026-01-05,105.26038046043513,90.47957983761403,123.71603435539099,105.26038046043513,115.0,,0.0,0.08535605224883613,Product 040,Storage
SKU041,6,2026-01-05,77.97216983612036,67.02321552458208,91.64329066657423,77.97216983612036,98.0,,0.0,0.10819310779254988,Product 041,Furniture
SKU042,6,2026-01-05,158.17088447743845,135.9603215137691,185.90351367187583,158.17088447743845,137.0,,0.0,0.06431715228935356,Product 042,Home Decor
SKU043,6,2026-01-05,156.30032664629832,134.3524298656182,183.70498469175246,156.30032664629832,166.0,,0.0,0.05829721102947584,Product 043,Kitchen
SKU044,6,2026-01-05,67.76248108924035,58.24718465665508,79.64350310888413,67.76248108924035,76.0,,0.0,0.10501741484554171,Product 044,Lighting
SKU045,6,2026-01-05,169.49325612487527,145.6927908906061,199.21107453752663,169.49325612487527,169.0,,0.0,0.0766477971284328,Product 045,Storage
SKU046,6,2026-01-05,65.49570839928812,56.298715159612485,76.97928959607623,65.49570839928812,72.0,,0.0,0.11181705902016201,Product 046,Furniture
SKU047,6,2026-01-05,100.09400032906622,86.03866957752466,117.64381554875564,100.09400032906622,110.0,,0.0,0.07679639807126024,Product 047,Home Decor
SKU048,6,2026-01-05,58.2120982650772,50.03787910941313,68.4186197822899,58.2120982650772,57.0,,0.0,0.13312963797438465,Product 048,Kitchen
SKU049,6,2026-01-05,178.4700506660146,153.4090521735127,209.76180043263506,178.4700506660146,177.0,,0.0,0.06417327151372702,Product 049,Lighting
SKU050,6,2026-01-05,40.581910242934235,34.883345202885806,47.69727203968621,40.581910242934235,40.0,,0.0,0.13337988098584488,Product 050,Storage
SKU001,7,2026-01-12,98.53192985507656,80.68807852809776,116.47103870810746,98.53192985507656,89.0,,0.0,0.08254905651507526,Product 001,Furniture
SKU002,7,2026-01-12,71.0789157688704,58.206726953244306,84.01982141243815,71.0789157688704,67.0,,0.0,0.10303219029253761,Product 002,Home Decor
SKU003,7,2026-01-12,42.459577329800325,34.77026903761852,50.189934186641366,42.459577329800325,41.0,,0.0,0.11971719616677484,Product 003,Kitchen
SKU004,7,2026-01-12,32.50212008148044,26.616078882464304,38.41958329318794,32.50212008148044,24.0,,0.0,0.14620794082272953,Product 004,Lighting
SKU005,7,2026-01-12,116.29306003263912,95.23271871349549,137.46582977180896,116.29306003263912,133.0,,0.0,0.07863400677937801,Product 005,Storage
SKU006,7,2026-01-12,47.72390174216507,39.08123932112996,56.412702108739246,47.72390174216507,46.0,,0.0,0.1184058548981385,Product 006,Furniture
SKU007,7,2026-01-12,171.71021135125693,140.61398206616624,202.9724445901448,171.71021135125693,156.0,,0.0,0.05887209542999185,Product 007,Home Decor
SKU008,7,2026-01-12,110.39725816546296,90.40462974026093,130.49661513755578,110.39725816546296,111.0,,0.0,0.08903993556998896,Product 008,Kitchen
SKU009,7,2026-01-12,70.97334208043726,58.120272358522335,83.89502656502026,70.97334208043726,70.0,,0.0,0.10477540268173555,Product 009,Lighting
SKU010,7,2026-01-12,111.79805998779214,91.55175034988102,132.15245242310232,111.79805998779214,113.0,,0.0,0.08016448146415688,Product 010,Storage
SKU011,7,2026-01-12,19.900147074358266,16.296287226061935,23.523245749917642,19.900147074358266,19.0,,0.0,0.2183092892366262,Product 011,Furniture
SKU012,7,2026-01-12,182.8549195117684,149.74041538124203,216.14620194436162,182.8549195117684,194.0,,0.0,0.05859191458083994,Product 012,Home Decor
SKU013,7,2026-01-12,94.55167616121776,77.42863742018281,111.76612444602644,94.55167616121776,98.0,,0.0,0.08789133171223949,Product 013,Kitchen
SKU014,7,2026-01-12,146.78997603416795,120.20673025285616,173.51513368087026,146.78997603416795,144.0,,0.0,0.07564572167019151,Product 014,Lighting
SKU015,7,2026-01-12,26.868533445834228,22.00271871058451,31.76032382195958,26.868533445834228,27.0,,0.0,0.15170016315092763,Product 015,Storage
SKU016,7,2026-01-12,92.05465899289568,75.38382293557947,108.81449055745641,92.05465899289568,76.0,,0.0,0.10123427670825032,Product 016,Furniture
SKU017,7,2026-01-12,95.22836986231519,77.98278382301818,112.56601965126575,95.22836986231519,106.0,,0.0,0.08952759439692096,Product 017,Home Decor
SKU018,7,2026-01-12,171.1750511998314,140.17573789103594,202.33985108666425,171.1750511998314,164.0,,0.0,0.05794841105223062,Product 018,Kitchen
SKU019,7,2026-01-12,111.92973468983779,91.65957913913188,132.3081003368435,111.92973468983779,113.0,,0.0,0.07892825023339259,Product 019,Lighting
SKU020,7,2026-01-12,97.81232526869746,80.09879227885514,115.62042009383728,97.81232526869746,95.0,,0.0,0.08323222506961415,Product 020,Storage
SKU021,7,2026-01-12,59.74003019589458,48.92128120099865,70.61653394593547,59.74003019589458,60.0,,0.0,0.11039868107229367,Product 021,Furniture
SKU022,7,2026-01-12,70.26337912075756,57.5388816648971,83.05580496974855,70.26337912075756,69.0,,0.0,0.10123013515051721,Product 022,Home Decor
SKU023,7,2026-01-12,95.78636404848763,78.43972685436168,113.22560444324311,95.78636404848763,92.0,,0.0,0.08635597372207277,Product 023,Kitchen
SKU024,7,2026-01-12,89.1504341643204,73.0055449359909,105.38151118799153,89.1504341643204,73.0,,0.0,0.11000808267186968,Product 024,Lighting
SKU025,7,2026-01-12,18.883071868911358,15.463401438005354,22.320997851222298,18.883071868911358,12.0,,0.0,0.2115779820566367,Product 025,Storage
SKU026,7,2026-01-12,157.37378111274663,128.8738384335495,186.02586774240038,157.37378111274663,136.0,,0.0,0.08249210548890161,Product 026,Furniture
SKU027,7,2026-01-12,172.53886397325675,141.29256806295712,203.95196495226975,172.53886397325675,190.0,,0.0,0.07060869545643575,Product 027,Home Decor
SKU028,7,2026-01-12,39.578193853566674,32.41069588664237,46.78395475553799,39.578193853566674,43.0,,0.0,0.11901823869739771,Product 028,Kitchen
SKU029,7,2026-01-12,106.40465947546052,87.13507927977638,125.7771083010087,106.40465947546052,124.0,,0.0,0.08616516750155884,Product 029,Lighting
SKU030,7,2026-01-12,34.893870235287565,28.57468990849239,41.2467848425123,34.893870235287565,34.0,,0.0,0.13471977491807532,Product 030,Storage
SKU031,7,2026-01-12,136.06986524696052,111.42800093840607,160.84327755982926,136.06986524696052,132.0,,0.0,0.07989703985402306,Product 031,Furniture
SKU032,7,2026-01-12,64.09934661742894,52.4911378582969,75.76952457973515,64.09934661742894,67.0,,0.0,0.13249957463138817,Product 032,Home Decor
SKU033,7,2026-01-12,128.70843763911245,105.39970686383965,152.14159962535987,128.70843763911245,138.0,,0.0,0.07768636431812793,Product 033,Kitchen
SKU034,7,2026-01-12,134.4217908919295,110.0783881461419,158.89514833632794,134.4217908919295,134.0,,0.0,0.08817429047635006,Product 034,Lighting
SKU035,7,2026-01-12,144.94891753652962,118.69908219551317,171.3388848663214,144.94891753652962,122.0,,0.0,0.08104934916897863,Product 035,Storage
SKU036,7,2026-01-12,34.50977207605893,28.26015082984122,40.792756268860785,34.50977207605893,36.0,,0.0,0.1663827844118701,Product 036,Furniture
SKU037,7,2026-01-12,165.54423114080788,135.56464327664716,195.6838618858283,165.54423114080788,158.0,,0.0,0.07976574349464627,Product 037,Home Decor
SKU038,7,2026-01-12,53.34365257933978,43.68326931815974,63.055606781866096,53.34365257933978,48.0,,0.0,0.11336339049798044,Product 038,Kitchen
SKU039,7,2026-01-12,23.316205298879606,19.09370705415364,27.5612449069683,23.316205298879606,25.0,,0.0,0.162948276970638,Product 039,Lighting
SKU040,7,2026-01-12,106.13207556125847,86.91185953459346,125.45489669235624,106.13207556125847,112.0,,0.0,0.08535605224883613,Product 040,Storage
SKU041,7,2026-01-12,77.36224694204354,63.35216478100971,91.44712045512306,77.36224694204354,74.0,,0.0,0.10819310779254988,Product 041,Furniture
SKU042,7,2026-01-12,155.52526564228324,127.36008383988091,183.84080430936356,155.52526564228324,155.0,,0.0,0.06431715228935356,Product 042,Home Decor
SKU043,7,2026-01-12,157.15723352406968,128.69650699524382,185.76989465205256,157.15723352406968,157.0,,0.0,0.05829721102947584,Product 043,Kitchen
SKU044,7,2026-01-12,67.70389393333225,55.44291194119198,80.03032988998605,67.70389393333225,81.0,,0.0,0.10501741484554171,Product 044,Lighting
SKU045,7,2026-01-12,170.2752851668871,139.4389169190941,201.27627012762454,170.2752851668871,145.0,,0.0,0.0766477971284328,Product 045,Storage
SKU046,7,2026-01-12,65.69710980832066,53.799550694679944,77.65818279161073,65.69710980832066,66.0,,0.0,0.11181705902016201,Product 046,Furniture
SKU047,7,2026-01-12,101.0355404436607,82.73829238336862,119.43046644084244,101.0355404436607,84.0,,0.0,0.07679639807126024,Product 047,Home Decor
SKU048,7,2026-01-12,60.20271687729584,49.30017664471644,71.16345917574142,60.20271687729584,61.0,,0.0,0.13312963797438465,Product 048,Kitchen
SKU049,7,2026-01-12,172.81066523945316,141.51514689545485,204.27325142095697,172.81066523945316,183.0,,0.0,0.06417327151372702,Product 049,Lighting
SKU050,7,2026-01-12,40.886407875937465,33.48199608266887,48.3303473438304,40.886407875937465,40.0,,0.0,0.13337988098584488,Product 050,Storage
SKU001,8,2026-01-19,98.47164383536229,80.6648480248704,115.95276996596222,98.47164383536229,103.0,,0.0,0.08254905651507526,Product 001,Furniture
SKU002,8,2026-01-19,72.66500049463782,59.5248641469531,85.56481600955566,72.66500049463782,66.0,,0.0,0.10303219029253761,Product 002,Home Decor
SKU003,8,2026-01-19,42.569245687142,34.87137616619687,50.12632835741414,42.569245687142,23.0,,0.0,0.11971719616677484,Product 003,Kitchen
SKU004,8,2026-01-19,32.03896225357293,26.24530190010828,37.72666196522442,32.03896225357293,38.0,,0.0,0.14620794082272953,Product 004,Lighting
SKU005,8,2026-01-19,119.23122139027853,97.67043565705809,140.39768047076004,119.23122139027853,110.0,,0.0,0.07863400677937801,Product 005,Storage
SKU006,8,2026-01-19,47.86266068986379,39.20757387851518,56.35945403947526,47.86266068986379,51.0,,0.0,0.1184058548981385,Product 006,Furniture
SKU007,8,2026-01-19,173.65504979126547,142.25271006528428,204.48307002511245,173.65504979126547,179.0,,0.0,0.05887209542999185,Product 007,Home Decor
SKU008,8,2026-01-19,112.14506399286202,91.86568022412762,132.05355675511458,112.14506399286202,106.0,,0.0,0.08903993556998896,Product 008,Kitchen
SKU009,8,2026-01-19,71.96178160081116,58.94880952869584,84.73675855610307,71.96178160081116,71.0,,0.0,0.10477540268173555,Product 009,Lighting
SKU010,8,2026-01-19,110.19545815587608,90.26862494584054,129.75784818018423,110.19545815587608,118.0,,0.0,0.08016448146415688,Product 010,Storage
SKU011,8,2026-01-19,19.51028348517818,15.982205546251572,22.973836170643573,19.51028348517818,24.0,,0.0,0.2183092892366262,Product 011,Furniture
SKU012,8,2026-01-19,181.82870622315625,148.94831022189712,214.10775046217742,181.82870622315625,191.0,,0.0,0.05859191458083994,Product 012,Home Decor
SKU013,8,2026-01-19,94.68244868821185,77.56085951836694,111.49089996825742,94.68244868821185,87.0,,0.0,0.08789133171223949,Product 013,Kitchen
SKU014,8,2026-01-19,146.04271652127133,119.63356225700646,171.96887199636646,146.04271652127133,181.0,,0.0,0.07564572167019151,Product 014,Lighting
SKU015,8,2026-01-19,27.35186667767532,22.40578183542902,32.2074922433378,27.35186667767532,32.0,,0.0,0.15170016315092763,Product 015,Storage
SKU016,8,2026-01-19,91.66581896715543,75.08973211032688,107.93874466248272,91.66581896715543,100.0,,0.0,0.10123427670825032,Product 016,Furniture
SKU017,8,2026-01-19,95.01152483381439,77.8304282616086,111.87839518135789,95.01152483381439,89.0,,0.0,0.08952759439692096,Product 017,Home Decor
SKU018,8,2026-01-19,172.46416188997574,141.27717246044037,203.08077038335603,172.46416188997574,163.0,,0.0,0.05794841105223062,Product 018,Kitchen
SKU019,8,2026-01-19,111.85539215266125,91.62839023833287,131.71246107574748,111.85539215266125,115.0,,0.0,0.07892825023339259,Product 019,Lighting
SKU020,8,2026-01-19,98.53136140383717,80.71376676327893,116.02308886397789,98.53136140383717,100.0,,0.0,0.08323222506961415,Product 020,Storage
SKU021,8,2026-01-19,60.401944706308335,49.47935771527441,71.12476777311811,60.401944706308335,57.0,,0.0,0.11039868107229367,Product 021,Furniture
SKU022,8,2026-01-19,69.74490293585575,57.13281282514544,82.12632968675464,69.74490293585575,79.0,,0.0,0.10123013515051721,Product 022,Home Decor
SKU023,8,2026-01-19,97.78377978890546,80.1013716106655,115.14279322098153,97.78377978890546,83.0,,0.0,0.08635597372207277,Product 023,Kitchen
SKU024,8,2026-01-19,89.24770560052403,73.10889032045739,105.09135700821123,89.24770560052403,80.0,,0.0,0.11000808267186968,Product 024,Lighting
SKU025,8,2026-01-19,18.516519029575566,15.168145217191482,21.80365420929137,18.516519029575566,21.0,,0.0,0.2115779820566367,Product 025,Storage
SKU026,8,2026-01-19,155.13967397293828,127.08550133049545,182.6807619750375,155.13967397293828,165.0,,0.0,0.08249210548890161,Product 026,Furniture
SKU027,8,2026-01-19,173.82177232851615,142.38928388091117,204.67938989200013,173.82177232851615,179.0,,0.0,0.07060869545643575,Product 027,Home Decor
SKU028,8,2026-01-19,39.562017783666064,32.407950428980485,46.58524392187893,39.562017783666064,42.0,,0.0,0.11901823869739771,Product 028,Kitchen
SKU029,8,2026-01-19,110.48643136124112,90.50698096871066,130.10047624887332,110.48643136124112,91.0,,0.0,0.08616516750155884,Product 029,Lighting
SKU030,8,2026-01-19,34.55518029799963,28.306507931059365,40.689570277970965,34.55518029799963,36.0,,0.0,0.13471977491807532,Product 030,Storage
SKU031,8,2026-01-19,134.5768836740371,110.24111557817304,158.4675732790794,134.5768836740371,140.0,,0.0,0.07989703985402306,Product 031,Furniture
SKU032,8,2026-01-19,64.36194189852762,52.723261840845325,75.78776135798161,64.36194189852762,64.0,,0.0,0.13249957463138817,Product 032,Home Decor
SKU033,8,2026-01-19,132.13412223719587,108.24008287079529,155.59116191906045,132.13412223719587,129.0,,0.0,0.07768636431812793,Product 033,Kitchen
SKU034,8,2026-01-19,136.59784336962485,111.8966216747457,160.8473027683602,136.59784336962485,148.0,,0.0,0.08817429047635006,Product 034,Lighting
SKU035,8,2026-01-19,143.63310135609007,117.65968192428097,169.1314911822318,143.63310135609007,148.0,,0.0,0.08104934916897863,Product 035,Storage
SKU036,8,2026-01-19,35.26816620314084,28.890563375266712,41.529128626220285,35.26816620314084,38.0,,0.0,0.1663827844118701,Product 036,Furniture
SKU037,8,2026-01-19,165.69503456210117,135.73211800723226,195.10995733151296,165.69503456210117,163.0,,0.0,0.07976574349464627,Product 037,Home Decor
SKU038,8,2026-01-19,53.59456034464937,43.90296431314756,63.10890612794192,53.59456034464937,42.0,,0.0,0.11336339049798044,Product 038,Kitchen
SKU039,8,2026-01-19,23.272598621563503,19.064174800320288,27.404054297987177,23.272598621563503,24.0,,0.0,0.162948276970638,Product 039,Lighting
SKU040,8,2026-01-19,106.58052919617407,87.3073897739915,125.50118088204884,106.58052919617407,101.0,,0.0,0.08535605224883613,Product 040,Storage
SKU041,8,2026-01-19,75.71979086502981,62.02725154882784,89.1619064136167,75.71979086502981,72.0,,0.0,0.10819310779254988,Product 041,Furniture
SKU042,8,2026-01-19,159.1477648985972,130.368802317414,187.4003871077571,159.1477648985972,149.0,,0.0,0.06431715228935356,Product 042,Home Decor
SKU043,8,2026-01-19,157.17280855213775,128.75098070564871,185.07482768765945,157.17280855213775,155.0,,0.0,0.05829721102947584,Product 043,Kitchen
SKU044,8,2026-01-19,67.92751804821845,55.6440687557455,79.98631451479153,67.92751804821845,71.0,,0.0,0.10501741484554171,Product 044,Lighting
SKU045,8,2026-01-19,172.43983463604198,141.25724434545216,203.0521244466232,172.43983463604198,184.0,,0.0,0.0766477971284328,Product 045,Storage
SKU046,8,2026-01-19,64.77848429524391,53.06448016338306,76.27825022184447,64.77848429524391,60.0,,0.0,0.11181705902016201,Product 046,Furniture
SKU047,8,2026-01-19,99.9323036390717,81.86137421751982,117.67273262344783,99.9323036390717,90.0,,0.0,0.07679639807126024,Product 047,Home Decor
SKU048,8,2026-01-19,61.66816947402324,50.51660889210883,72.61577841839103,61.66816947402324,71.0,,0.0,0.13312963797438465,Product 048,Kitchen
SKU049,8,2026-01-19,174.4109224064852,142.87189694242025,205.3731285238076,174.4109224064852,154.0,,0.0,0.06417327151372702,Product 049,Lighting
SKU050,8,2026-01-19,40.46065304482073,33.14408393856245,47.643408929200056,40.46065304482073,45.0,,0.0,0.13337988098584488,Product 050,Storage
